"Table S10. PM2.5 income/SDI interaction, non-high-income robustness, and influence diagnostics.","Table S10. PM2.5 income/SDI interaction, non-high-income robustness, and influence diagnostics.","Table S10. PM2.5 income/SDI interaction, non-high-income robustness, and influence diagnostics.","Table S10. PM2.5 income/SDI interaction, non-high-income robustness, and influence diagnostics.","Table S10. PM2.5 income/SDI interaction, non-high-income robustness, and influence diagnostics.","Table S10. PM2.5 income/SDI interaction, non-high-income robustness, and influence diagnostics.","Table S10. PM2.5 income/SDI interaction, non-high-income robustness, and influence diagnostics.","Table S10. PM2.5 income/SDI interaction, non-high-income robustness, and influence diagnostics.","Table S10. PM2.5 income/SDI interaction, non-high-income robustness, and influence diagnostics.","Table S10. PM2.5 income/SDI interaction, non-high-income robustness, and influence diagnostics.","Table S10. PM2.5 income/SDI interaction, non-high-income robustness, and influence diagnostics.","Table S10. PM2.5 income/SDI interaction, non-high-income robustness, and influence diagnostics.","Table S10. PM2.5 income/SDI interaction, non-high-income robustness, and influence diagnostics.","Table S10. PM2.5 income/SDI interaction, non-high-income robustness, and influence diagnostics.","Table S10. PM2.5 income/SDI interaction, non-high-income robustness, and influence diagnostics.","Table S10. PM2.5 income/SDI interaction, non-high-income robustness, and influence diagnostics.","Table S10. PM2.5 income/SDI interaction, non-high-income robustness, and influence diagnostics.","Table S10. PM2.5 income/SDI interaction, non-high-income robustness, and influence diagnostics.","Table S10. PM2.5 income/SDI interaction, non-high-income robustness, and influence diagnostics.","Table S10. PM2.5 income/SDI interaction, non-high-income robustness, and influence diagnostics.","Table S10. PM2.5 income/SDI interaction, non-high-income robustness, and influence diagnostics.","Table S10. PM2.5 income/SDI interaction, non-high-income robustness, and influence diagnostics.","Table S10. PM2.5 income/SDI interaction, non-high-income robustness, and influence diagnostics.","Table S10. PM2.5 income/SDI interaction, non-high-income robustness, and influence diagnostics."
Subtable 1. Pm25 interaction results.,Subtable 1. Pm25 interaction results.,Subtable 1. Pm25 interaction results.,Subtable 1. Pm25 interaction results.,Subtable 1. Pm25 interaction results.,Subtable 1. Pm25 interaction results.,Subtable 1. Pm25 interaction results.,Subtable 1. Pm25 interaction results.,Subtable 1. Pm25 interaction results.,Subtable 1. Pm25 interaction results.,Subtable 1. Pm25 interaction results.,Subtable 1. Pm25 interaction results.,Subtable 1. Pm25 interaction results.,Subtable 1. Pm25 interaction results.,Subtable 1. Pm25 interaction results.,Subtable 1. Pm25 interaction results.,Subtable 1. Pm25 interaction results.,Subtable 1. Pm25 interaction results.,Subtable 1. Pm25 interaction results.,Subtable 1. Pm25 interaction results.,Subtable 1. Pm25 interaction results.,Subtable 1. Pm25 interaction results.,Subtable 1. Pm25 interaction results.,Subtable 1. Pm25 interaction results.
Model id,Model label,Term,Term,Term,Estimate,Estimate,Robust se,Robust se,Robust se,Statistic,Statistic,P value,P value,Conf low,Conf low,Conf low,Conf high,Conf high,N,N,N,R-squared,Term label
interaction income binary,PM2.5 x high-income status,z PM2.5,z PM2.5,z PM2.5,0.08069391803099044,0.08069391803099044,0.022471440236227505,0.022471440236227505,0.022471440236227505,3.5909544373973463,3.5909544373973463,4.393764933002067e-4,4.393764933002067e-4,0.03631075455799421,0.03631075455799421,0.03631075455799421,0.12507708150398666,0.12507708150398666,162,162,162,0.027819825205186912,PM2.5 (non-high-income slope)
interaction income binary,PM2.5 x high-income status,z PM2.5:income binaryHigh-income,z PM2.5:income binaryHigh-income,z PM2.5:income binaryHigh-income,-0.13990176408271468,-0.13990176408271468,0.04901739540710786,0.04901739540710786,0.04901739540710786,-2.8541248044857963,-2.8541248044857963,0.004894550413067681,0.004894550413067681,-0.23671563317628697,-0.23671563317628697,-0.23671563317628697,-0.043087894989142395,-0.043087894989142395,162,162,162,0.027819825205186912,PM2.5 x high-income interaction
interaction SDI,PM2.5 x SDI,z PM2.5,z PM2.5,z PM2.5,0.027122121951816593,0.027122121951816593,0.024501627337759447,0.024501627337759447,0.024501627337759447,1.1069518598880452,1.1069518598880452,0.26998662472329277,0.26998662472329277,-0.021268499246898265,-0.021268499246898265,-0.021268499246898265,0.07551274315053146,0.07551274315053146,163,163,163,0.02031423240486113,PM2.5 at mean SDI
interaction SDI,PM2.5 x SDI,z PM2.5:z SDI,z PM2.5:z SDI,z PM2.5:z SDI,-0.05277269647685816,-0.05277269647685816,0.02432614976756457,0.02432614976756457,0.02432614976756457,-2.169381385097899,-2.169381385097899,0.03153894450337318,0.03153894450337318,-0.1008167501390125,-0.1008167501390125,-0.1008167501390125,-0.0047286428147038165,-0.0047286428147038165,163,163,163,0.02031423240486113,PM2.5 x SDI interaction
Subtable 2. Pm25 sdi tertile results.,Subtable 2. Pm25 sdi tertile results.,Subtable 2. Pm25 sdi tertile results.,Subtable 2. Pm25 sdi tertile results.,Subtable 2. Pm25 sdi tertile results.,Subtable 2. Pm25 sdi tertile results.,Subtable 2. Pm25 sdi tertile results.,Subtable 2. Pm25 sdi tertile results.,Subtable 2. Pm25 sdi tertile results.,Subtable 2. Pm25 sdi tertile results.,Subtable 2. Pm25 sdi tertile results.,Subtable 2. Pm25 sdi tertile results.,Subtable 2. Pm25 sdi tertile results.,Subtable 2. Pm25 sdi tertile results.,Subtable 2. Pm25 sdi tertile results.,Subtable 2. Pm25 sdi tertile results.,Subtable 2. Pm25 sdi tertile results.,Subtable 2. Pm25 sdi tertile results.,Subtable 2. Pm25 sdi tertile results.,Subtable 2. Pm25 sdi tertile results.,Subtable 2. Pm25 sdi tertile results.,Subtable 2. Pm25 sdi tertile results.,Subtable 2. Pm25 sdi tertile results.,Subtable 2. Pm25 sdi tertile results.
SDI tertile,Model id,Model label,Model label,Term,Term,Estimate,Estimate,Robust se,Robust se,Robust se,Statistic,Statistic,P value,P value,P value,Conf low,Conf low,Conf high,Conf high,N,N,R-squared,Term label
Low SDI,SDI Low SDI,Low SDI,Low SDI,z PM2.5,z PM2.5,0.04130359148074369,0.04130359148074369,0.030189381388410222,0.030189381388410222,0.030189381388410222,1.368149646703269,1.368149646703269,0.17738244248968774,0.17738244248968774,0.17738244248968774,-0.019333565595632776,-0.019333565595632776,0.10194074855712015,0.10194074855712015,53,53,0.06606850099465696,z PM2.5
Middle SDI,SDI Middle SDI,Middle SDI,Middle SDI,z PM2.5,z PM2.5,0.12261043282208482,0.12261043282208482,0.06068767272354961,0.06068767272354961,0.06068767272354961,2.020351536309718,2.020351536309718,0.048720092817800806,0.048720092817800806,0.048720092817800806,7.156547810104746e-4,7.156547810104746e-4,0.24450521086315918,0.24450521086315918,53,53,0.1544626248661458,z PM2.5
High SDI,SDI High SDI,High SDI,High SDI,z PM2.5,z PM2.5,-0.05939483349614479,-0.05939483349614479,0.045302634837807255,0.045302634837807255,0.045302634837807255,-1.3110679700814425,-1.3110679700814425,0.19559512322514283,0.19559512322514283,0.19559512322514283,-0.15030122095430704,-0.15030122095430704,0.031511553962017456,0.031511553962017456,55,55,0.011766087416149325,z PM2.5
Subtable 3. Pm25 robustness results.,Subtable 3. Pm25 robustness results.,Subtable 3. Pm25 robustness results.,Subtable 3. Pm25 robustness results.,Subtable 3. Pm25 robustness results.,Subtable 3. Pm25 robustness results.,Subtable 3. Pm25 robustness results.,Subtable 3. Pm25 robustness results.,Subtable 3. Pm25 robustness results.,Subtable 3. Pm25 robustness results.,Subtable 3. Pm25 robustness results.,Subtable 3. Pm25 robustness results.,Subtable 3. Pm25 robustness results.,Subtable 3. Pm25 robustness results.,Subtable 3. Pm25 robustness results.,Subtable 3. Pm25 robustness results.,Subtable 3. Pm25 robustness results.,Subtable 3. Pm25 robustness results.,Subtable 3. Pm25 robustness results.,Subtable 3. Pm25 robustness results.,Subtable 3. Pm25 robustness results.,Subtable 3. Pm25 robustness results.,Subtable 3. Pm25 robustness results.,Subtable 3. Pm25 robustness results.
Model id,Model label,Term,Term,Term,Estimate,Estimate,Robust se,Robust se,Robust se,Statistic,Statistic,P value,P value,Conf low,Conf low,Conf low,Conf high,Conf high,N,N,N,R-squared,Term label
nonhic base,Non-high-income: PM2.5 + clean-fuel deficit,z PM2.5,z PM2.5,z PM2.5,0.0794124251837974,0.0794124251837974,0.024603186823390306,0.024603186823390306,0.024603186823390306,3.2277292268617748,3.2277292268617748,0.0016877412254183459,0.0016877412254183459,0.030600403261277102,0.030600403261277102,0.030600403261277102,0.1282244471063177,0.1282244471063177,103,103,103,0.10243291530672415,z PM2.5
nonhic region adjusted,Non-high-income: + WHO region,z PM2.5,z PM2.5,z PM2.5,0.10005598899271821,0.10005598899271821,0.03676965046979904,0.03676965046979904,0.03676965046979904,2.721156924646313,2.721156924646313,0.007738150930160579,0.007738150930160579,0.027059003499003267,0.027059003499003267,0.027059003499003267,0.17305297448643314,0.17305297448643314,103,103,103,0.14097307010955576,z PM2.5
nonhic extended adjusted,"Non-high-income: + WHO region, SDI, urbanisation, age65",z PM2.5,z PM2.5,z PM2.5,0.09208624322901236,0.09208624322901236,0.04769476503214604,0.04769476503214604,0.04769476503214604,1.9307411026544878,1.9307411026544878,0.056594332510307516,0.056594332510307516,-0.002639676991532114,-0.002639676991532114,-0.002639676991532114,0.18681216344955684,0.18681216344955684,103,103,103,0.15701815696003757,z PM2.5
nonhic exclude cooks,Non-high-income: exclude Cook's distance >4/n (removed 6),z PM2.5,z PM2.5,z PM2.5,0.06423818645463927,0.06423818645463927,0.018651799851458595,0.018651799851458595,0.018651799851458595,3.4440744038766726,3.4440744038766726,8.576520826129628e-4,8.576520826129628e-4,0.02720460061656419,0.02720460061656419,0.02720460061656419,0.10127177229271436,0.10127177229271436,97,97,97,0.1210825277901439,z PM2.5
nonhic winsor PM2.5,Non-high-income: winsorised PM2.5 1st/99th percentile,z PM2.5 winsor,z PM2.5 winsor,z PM2.5 winsor,0.07600148876723509,0.07600148876723509,0.023583173282247218,0.023583173282247218,0.023583173282247218,3.2226998401630276,3.2226998401630276,0.0017147830351258526,0.0017147830351258526,0.029213144658851026,0.029213144658851026,0.029213144658851026,0.12278983287561915,0.12278983287561915,103,103,103,0.10273752177171865,PM2.5 (winsorised z)
nonhic robust regression,Non-high-income: robust regression (M-estimation),z PM2.5,z PM2.5,z PM2.5,0.06382451614480443,0.06382451614480443,NA,NA,NA,NA,NA,NA,NA,NA,NA,NA,NA,NA,103,103,103,NA,PM2.5 (z)
Subtable 4. Pm25 leave one country out summary.,Subtable 4. Pm25 leave one country out summary.,Subtable 4. Pm25 leave one country out summary.,Subtable 4. Pm25 leave one country out summary.,Subtable 4. Pm25 leave one country out summary.,Subtable 4. Pm25 leave one country out summary.,Subtable 4. Pm25 leave one country out summary.,Subtable 4. Pm25 leave one country out summary.,Subtable 4. Pm25 leave one country out summary.,Subtable 4. Pm25 leave one country out summary.,Subtable 4. Pm25 leave one country out summary.,Subtable 4. Pm25 leave one country out summary.,Subtable 4. Pm25 leave one country out summary.,Subtable 4. Pm25 leave one country out summary.,Subtable 4. Pm25 leave one country out summary.,Subtable 4. Pm25 leave one country out summary.,Subtable 4. Pm25 leave one country out summary.,Subtable 4. Pm25 leave one country out summary.,Subtable 4. Pm25 leave one country out summary.,Subtable 4. Pm25 leave one country out summary.,Subtable 4. Pm25 leave one country out summary.,Subtable 4. Pm25 leave one country out summary.,Subtable 4. Pm25 leave one country out summary.,Subtable 4. Pm25 leave one country out summary.
N leave one out,N leave one out,N leave one out,Min beta,Min beta,Min beta,Min beta,Min beta,Min beta,Median beta,Median beta,Median beta,Median beta,Median beta,Median beta,Max beta,Max beta,Max beta,Max beta,Max beta,Max beta,Proportion positive,Proportion positive,Proportion positive
103,103,103,0.0679947720457018,0.0679947720457018,0.0679947720457018,0.0679947720457018,0.0679947720457018,0.0679947720457018,0.07950000355641046,0.07950000355641046,0.07950000355641046,0.07950000355641046,0.07950000355641046,0.07950000355641046,0.08630203397096049,0.08630203397096049,0.08630203397096049,0.08630203397096049,0.08630203397096049,0.08630203397096049,1,1,1
Subtable 5. Pm25 leave one country out.,Subtable 5. Pm25 leave one country out.,Subtable 5. Pm25 leave one country out.,Subtable 5. Pm25 leave one country out.,Subtable 5. Pm25 leave one country out.,Subtable 5. Pm25 leave one country out.,Subtable 5. Pm25 leave one country out.,Subtable 5. Pm25 leave one country out.,Subtable 5. Pm25 leave one country out.,Subtable 5. Pm25 leave one country out.,Subtable 5. Pm25 leave one country out.,Subtable 5. Pm25 leave one country out.,Subtable 5. Pm25 leave one country out.,Subtable 5. Pm25 leave one country out.,Subtable 5. Pm25 leave one country out.,Subtable 5. Pm25 leave one country out.,Subtable 5. Pm25 leave one country out.,Subtable 5. Pm25 leave one country out.,Subtable 5. Pm25 leave one country out.,Subtable 5. Pm25 leave one country out.,Subtable 5. Pm25 leave one country out.,Subtable 5. Pm25 leave one country out.,Subtable 5. Pm25 leave one country out.,Subtable 5. Pm25 leave one country out.
ISO3,ISO3,ISO3,ISO3,ISO3,Country,Country,Country,Country,Country,Country,Country,Omitted row,Omitted row,Omitted row,Omitted row,Omitted row,Omitted row,Omitted row,Beta PM2.5,Beta PM2.5,Beta PM2.5,Beta PM2.5,Beta PM2.5
AFG,AFG,AFG,AFG,AFG,Afghanistan,Afghanistan,Afghanistan,Afghanistan,Afghanistan,Afghanistan,Afghanistan,1,1,1,1,1,1,1,0.07557704294736135,0.07557704294736135,0.07557704294736135,0.07557704294736135,0.07557704294736135
ALB,ALB,ALB,ALB,ALB,Albania,Albania,Albania,Albania,Albania,Albania,Albania,2,2,2,2,2,2,2,0.07869661115554623,0.07869661115554623,0.07869661115554623,0.07869661115554623,0.07869661115554623
ARG,ARG,ARG,ARG,ARG,Argentina,Argentina,Argentina,Argentina,Argentina,Argentina,Argentina,3,3,3,3,3,3,3,0.078409264107468,0.078409264107468,0.078409264107468,0.078409264107468,0.078409264107468
ARM,ARM,ARM,ARM,ARM,Armenia,Armenia,Armenia,Armenia,Armenia,Armenia,Armenia,4,4,4,4,4,4,4,0.07735150520123076,0.07735150520123076,0.07735150520123076,0.07735150520123076,0.07735150520123076
AZE,AZE,AZE,AZE,AZE,Azerbaijan,Azerbaijan,Azerbaijan,Azerbaijan,Azerbaijan,Azerbaijan,Azerbaijan,5,5,5,5,5,5,5,0.07913933079934309,0.07913933079934309,0.07913933079934309,0.07913933079934309,0.07913933079934309
BDI,BDI,BDI,BDI,BDI,Burundi,Burundi,Burundi,Burundi,Burundi,Burundi,Burundi,6,6,6,6,6,6,6,0.07992212993247903,0.07992212993247903,0.07992212993247903,0.07992212993247903,0.07992212993247903
BEN,BEN,BEN,BEN,BEN,Benin,Benin,Benin,Benin,Benin,Benin,Benin,7,7,7,7,7,7,7,0.07942652450040504,0.07942652450040504,0.07942652450040504,0.07942652450040504,0.07942652450040504
BFA,BFA,BFA,BFA,BFA,Burkina Faso,Burkina Faso,Burkina Faso,Burkina Faso,Burkina Faso,Burkina Faso,Burkina Faso,8,8,8,8,8,8,8,0.07924136974840122,0.07924136974840122,0.07924136974840122,0.07924136974840122,0.07924136974840122
BGD,BGD,BGD,BGD,BGD,Bangladesh,Bangladesh,Bangladesh,Bangladesh,Bangladesh,Bangladesh,Bangladesh,9,9,9,9,9,9,9,0.08097030989247288,0.08097030989247288,0.08097030989247288,0.08097030989247288,0.08097030989247288
BIH,BIH,BIH,BIH,BIH,Bosnia and Herzegovina,Bosnia and Herzegovina,Bosnia and Herzegovina,Bosnia and Herzegovina,Bosnia and Herzegovina,Bosnia and Herzegovina,Bosnia and Herzegovina,10,10,10,10,10,10,10,0.07927295621441353,0.07927295621441353,0.07927295621441353,0.07927295621441353,0.07927295621441353
BLR,BLR,BLR,BLR,BLR,Belarus,Belarus,Belarus,Belarus,Belarus,Belarus,Belarus,11,11,11,11,11,11,11,0.07668849276656291,0.07668849276656291,0.07668849276656291,0.07668849276656291,0.07668849276656291
BLZ,BLZ,BLZ,BLZ,BLZ,Belize,Belize,Belize,Belize,Belize,Belize,Belize,12,12,12,12,12,12,12,0.0814271004374492,0.0814271004374492,0.0814271004374492,0.0814271004374492,0.0814271004374492
BOL,BOL,BOL,BOL,BOL,Bolivia (Plurinational State of),Bolivia (Plurinational State of),Bolivia (Plurinational State of),Bolivia (Plurinational State of),Bolivia (Plurinational State of),Bolivia (Plurinational State of),Bolivia (Plurinational State of),13,13,13,13,13,13,13,0.07963048197819324,0.07963048197819324,0.07963048197819324,0.07963048197819324,0.07963048197819324
BRA,BRA,BRA,BRA,BRA,Brazil,Brazil,Brazil,Brazil,Brazil,Brazil,Brazil,14,14,14,14,14,14,14,0.08002145877359776,0.08002145877359776,0.08002145877359776,0.08002145877359776,0.08002145877359776
BTN,BTN,BTN,BTN,BTN,Bhutan,Bhutan,Bhutan,Bhutan,Bhutan,Bhutan,Bhutan,15,15,15,15,15,15,15,0.0792477091219388,0.0792477091219388,0.0792477091219388,0.0792477091219388,0.0792477091219388
BWA,BWA,BWA,BWA,BWA,Botswana,Botswana,Botswana,Botswana,Botswana,Botswana,Botswana,16,16,16,16,16,16,16,0.07741044268070923,0.07741044268070923,0.07741044268070923,0.07741044268070923,0.07741044268070923
CHN,CHN,CHN,CHN,CHN,China,China,China,China,China,China,China,17,17,17,17,17,17,17,0.0679947720457018,0.0679947720457018,0.0679947720457018,0.0679947720457018,0.0679947720457018
CIV,CIV,CIV,CIV,CIV,Côte d'Ivoire,Côte d'Ivoire,Côte d'Ivoire,Côte d'Ivoire,Côte d'Ivoire,Côte d'Ivoire,Côte d'Ivoire,18,18,18,18,18,18,18,0.08019423731741426,0.08019423731741426,0.08019423731741426,0.08019423731741426,0.08019423731741426
CMR,CMR,CMR,CMR,CMR,Cameroon,Cameroon,Cameroon,Cameroon,Cameroon,Cameroon,Cameroon,19,19,19,19,19,19,19,0.08241178902082436,0.08241178902082436,0.08241178902082436,0.08241178902082436,0.08241178902082436
COD,COD,COD,COD,COD,Democratic Republic of the Congo,Democratic Republic of the Congo,Democratic Republic of the Congo,Democratic Republic of the Congo,Democratic Republic of the Congo,Democratic Republic of the Congo,Democratic Republic of the Congo,20,20,20,20,20,20,20,0.07929816299751119,0.07929816299751119,0.07929816299751119,0.07929816299751119,0.07929816299751119
COG,COG,COG,COG,COG,Congo,Congo,Congo,Congo,Congo,Congo,Congo,21,21,21,21,21,21,21,0.07950542071449258,0.07950542071449258,0.07950542071449258,0.07950542071449258,0.07950542071449258
COL,COL,COL,COL,COL,Colombia,Colombia,Colombia,Colombia,Colombia,Colombia,Colombia,22,22,22,22,22,22,22,0.0795305755358035,0.0795305755358035,0.0795305755358035,0.0795305755358035,0.0795305755358035
COM,COM,COM,COM,COM,Comoros,Comoros,Comoros,Comoros,Comoros,Comoros,Comoros,23,23,23,23,23,23,23,0.07751877768674634,0.07751877768674634,0.07751877768674634,0.07751877768674634,0.07751877768674634
CPV,CPV,CPV,CPV,CPV,Cabo Verde,Cabo Verde,Cabo Verde,Cabo Verde,Cabo Verde,Cabo Verde,Cabo Verde,24,24,24,24,24,24,24,0.08070480751382349,0.08070480751382349,0.08070480751382349,0.08070480751382349,0.08070480751382349
CUB,CUB,CUB,CUB,CUB,Cuba,Cuba,Cuba,Cuba,Cuba,Cuba,Cuba,25,25,25,25,25,25,25,0.08459500789421495,0.08459500789421495,0.08459500789421495,0.08459500789421495,0.08459500789421495
DOM,DOM,DOM,DOM,DOM,Dominican Republic,Dominican Republic,Dominican Republic,Dominican Republic,Dominican Republic,Dominican Republic,Dominican Republic,26,26,26,26,26,26,26,0.08252947977507634,0.08252947977507634,0.08252947977507634,0.08252947977507634,0.08252947977507634
DZA,DZA,DZA,DZA,DZA,Algeria,Algeria,Algeria,Algeria,Algeria,Algeria,Algeria,27,27,27,27,27,27,27,0.07964508605654512,0.07964508605654512,0.07964508605654512,0.07964508605654512,0.07964508605654512
ECU,ECU,ECU,ECU,ECU,Ecuador,Ecuador,Ecuador,Ecuador,Ecuador,Ecuador,Ecuador,28,28,28,28,28,28,28,0.07915918295510176,0.07915918295510176,0.07915918295510176,0.07915918295510176,0.07915918295510176
EGY,EGY,EGY,EGY,EGY,Egypt,Egypt,Egypt,Egypt,Egypt,Egypt,Egypt,29,29,29,29,29,29,29,0.08487104313011165,0.08487104313011165,0.08487104313011165,0.08487104313011165,0.08487104313011165
FJI,FJI,FJI,FJI,FJI,Fiji,Fiji,Fiji,Fiji,Fiji,Fiji,Fiji,30,30,30,30,30,30,30,0.07505315351588335,0.07505315351588335,0.07505315351588335,0.07505315351588335,0.07505315351588335
GEO,GEO,GEO,GEO,GEO,Georgia,Georgia,Georgia,Georgia,Georgia,Georgia,Georgia,31,31,31,31,31,31,31,0.07835560722815944,0.07835560722815944,0.07835560722815944,0.07835560722815944,0.07835560722815944
GHA,GHA,GHA,GHA,GHA,Ghana,Ghana,Ghana,Ghana,Ghana,Ghana,Ghana,32,32,32,32,32,32,32,0.08139591704604164,0.08139591704604164,0.08139591704604164,0.08139591704604164,0.08139591704604164
GMB,GMB,GMB,GMB,GMB,Gambia,Gambia,Gambia,Gambia,Gambia,Gambia,Gambia,33,33,33,33,33,33,33,0.07926346320535727,0.07926346320535727,0.07926346320535727,0.07926346320535727,0.07926346320535727
GNB,GNB,GNB,GNB,GNB,Guinea-Bissau,Guinea-Bissau,Guinea-Bissau,Guinea-Bissau,Guinea-Bissau,Guinea-Bissau,Guinea-Bissau,34,34,34,34,34,34,34,0.07931893260767056,0.07931893260767056,0.07931893260767056,0.07931893260767056,0.07931893260767056
GTM,GTM,GTM,GTM,GTM,Guatemala,Guatemala,Guatemala,Guatemala,Guatemala,Guatemala,Guatemala,35,35,35,35,35,35,35,0.07999541847892412,0.07999541847892412,0.07999541847892412,0.07999541847892412,0.07999541847892412
HND,HND,HND,HND,HND,Honduras,Honduras,Honduras,Honduras,Honduras,Honduras,Honduras,36,36,36,36,36,36,36,0.08101735583653036,0.08101735583653036,0.08101735583653036,0.08101735583653036,0.08101735583653036
HTI,HTI,HTI,HTI,HTI,Haiti,Haiti,Haiti,Haiti,Haiti,Haiti,Haiti,37,37,37,37,37,37,37,0.08630203397096049,0.08630203397096049,0.08630203397096049,0.08630203397096049,0.08630203397096049
IDN,IDN,IDN,IDN,IDN,Indonesia,Indonesia,Indonesia,Indonesia,Indonesia,Indonesia,Indonesia,38,38,38,38,38,38,38,0.07907314866410797,0.07907314866410797,0.07907314866410797,0.07907314866410797,0.07907314866410797
IND,IND,IND,IND,IND,India,India,India,India,India,India,India,39,39,39,39,39,39,39,0.08311676466173812,0.08311676466173812,0.08311676466173812,0.08311676466173812,0.08311676466173812
IRN,IRN,IRN,IRN,IRN,Iran (Islamic Republic of),Iran (Islamic Republic of),Iran (Islamic Republic of),Iran (Islamic Republic of),Iran (Islamic Republic of),Iran (Islamic Republic of),Iran (Islamic Republic of),40,40,40,40,40,40,40,0.07910269531346535,0.07910269531346535,0.07910269531346535,0.07910269531346535,0.07910269531346535
IRQ,IRQ,IRQ,IRQ,IRQ,Iraq,Iraq,Iraq,Iraq,Iraq,Iraq,Iraq,41,41,41,41,41,41,41,0.08008564546735679,0.08008564546735679,0.08008564546735679,0.08008564546735679,0.08008564546735679
JAM,JAM,JAM,JAM,JAM,Jamaica,Jamaica,Jamaica,Jamaica,Jamaica,Jamaica,Jamaica,42,42,42,42,42,42,42,0.08060050782677673,0.08060050782677673,0.08060050782677673,0.08060050782677673,0.08060050782677673
JOR,JOR,JOR,JOR,JOR,Jordan,Jordan,Jordan,Jordan,Jordan,Jordan,Jordan,43,43,43,43,43,43,43,0.07950000355641046,0.07950000355641046,0.07950000355641046,0.07950000355641046,0.07950000355641046
KAZ,KAZ,KAZ,KAZ,KAZ,Kazakhstan,Kazakhstan,Kazakhstan,Kazakhstan,Kazakhstan,Kazakhstan,Kazakhstan,44,44,44,44,44,44,44,0.07979761988329617,0.07979761988329617,0.07979761988329617,0.07979761988329617,0.07979761988329617
KEN,KEN,KEN,KEN,KEN,Kenya,Kenya,Kenya,Kenya,Kenya,Kenya,Kenya,45,45,45,45,45,45,45,0.08090282624846566,0.08090282624846566,0.08090282624846566,0.08090282624846566,0.08090282624846566
KGZ,KGZ,KGZ,KGZ,KGZ,Kyrgyzstan,Kyrgyzstan,Kyrgyzstan,Kyrgyzstan,Kyrgyzstan,Kyrgyzstan,Kyrgyzstan,46,46,46,46,46,46,46,0.07632099432387014,0.07632099432387014,0.07632099432387014,0.07632099432387014,0.07632099432387014
KHM,KHM,KHM,KHM,KHM,Cambodia,Cambodia,Cambodia,Cambodia,Cambodia,Cambodia,Cambodia,47,47,47,47,47,47,47,0.08037372644503145,0.08037372644503145,0.08037372644503145,0.08037372644503145,0.08037372644503145
KIR,KIR,KIR,KIR,KIR,Kiribati,Kiribati,Kiribati,Kiribati,Kiribati,Kiribati,Kiribati,48,48,48,48,48,48,48,0.07064570174479036,0.07064570174479036,0.07064570174479036,0.07064570174479036,0.07064570174479036
LAO,LAO,LAO,LAO,LAO,Lao People's Democratic Republic,Lao People's Democratic Republic,Lao People's Democratic Republic,Lao People's Democratic Republic,Lao People's Democratic Republic,Lao People's Democratic Republic,Lao People's Democratic Republic,49,49,49,49,49,49,49,0.0791411133988641,0.0791411133988641,0.0791411133988641,0.0791411133988641,0.0791411133988641
LBR,LBR,LBR,LBR,LBR,Liberia,Liberia,Liberia,Liberia,Liberia,Liberia,Liberia,50,50,50,50,50,50,50,0.07937619221275748,0.07937619221275748,0.07937619221275748,0.07937619221275748,0.07937619221275748
LCA,LCA,LCA,LCA,LCA,Saint Lucia,Saint Lucia,Saint Lucia,Saint Lucia,Saint Lucia,Saint Lucia,Saint Lucia,51,51,51,51,51,51,51,0.07711777742324272,0.07711777742324272,0.07711777742324272,0.07711777742324272,0.07711777742324272
LKA,LKA,LKA,LKA,LKA,Sri Lanka,Sri Lanka,Sri Lanka,Sri Lanka,Sri Lanka,Sri Lanka,Sri Lanka,52,52,52,52,52,52,52,0.07831830315607002,0.07831830315607002,0.07831830315607002,0.07831830315607002,0.07831830315607002
LSO,LSO,LSO,LSO,LSO,Lesotho,Lesotho,Lesotho,Lesotho,Lesotho,Lesotho,Lesotho,53,53,53,53,53,53,53,0.0804268006404675,0.0804268006404675,0.0804268006404675,0.0804268006404675,0.0804268006404675
MAR,MAR,MAR,MAR,MAR,Morocco,Morocco,Morocco,Morocco,Morocco,Morocco,Morocco,54,54,54,54,54,54,54,0.07918999785980206,0.07918999785980206,0.07918999785980206,0.07918999785980206,0.07918999785980206
MDA,MDA,MDA,MDA,MDA,Republic of Moldova,Republic of Moldova,Republic of Moldova,Republic of Moldova,Republic of Moldova,Republic of Moldova,Republic of Moldova,55,55,55,55,55,55,55,0.0772965191170788,0.0772965191170788,0.0772965191170788,0.0772965191170788,0.0772965191170788
MDG,MDG,MDG,MDG,MDG,Madagascar,Madagascar,Madagascar,Madagascar,Madagascar,Madagascar,Madagascar,56,56,56,56,56,56,56,0.08147482331679926,0.08147482331679926,0.08147482331679926,0.08147482331679926,0.08147482331679926
MDV,MDV,MDV,MDV,MDV,Maldives,Maldives,Maldives,Maldives,Maldives,Maldives,Maldives,57,57,57,57,57,57,57,0.07983324976511141,0.07983324976511141,0.07983324976511141,0.07983324976511141,0.07983324976511141
MEX,MEX,MEX,MEX,MEX,Mexico,Mexico,Mexico,Mexico,Mexico,Mexico,Mexico,58,58,58,58,58,58,58,0.07867275318689394,0.07867275318689394,0.07867275318689394,0.07867275318689394,0.07867275318689394
MHL,MHL,MHL,MHL,MHL,Marshall Islands,Marshall Islands,Marshall Islands,Marshall Islands,Marshall Islands,Marshall Islands,Marshall Islands,59,59,59,59,59,59,59,0.0841311389268349,0.0841311389268349,0.0841311389268349,0.0841311389268349,0.0841311389268349
MLI,MLI,MLI,MLI,MLI,Mali,Mali,Mali,Mali,Mali,Mali,Mali,60,60,60,60,60,60,60,0.07915795293947925,0.07915795293947925,0.07915795293947925,0.07915795293947925,0.07915795293947925
MMR,MMR,MMR,MMR,MMR,Myanmar,Myanmar,Myanmar,Myanmar,Myanmar,Myanmar,Myanmar,61,61,61,61,61,61,61,0.07928413375049742,0.07928413375049742,0.07928413375049742,0.07928413375049742,0.07928413375049742
MNE,MNE,MNE,MNE,MNE,Montenegro,Montenegro,Montenegro,Montenegro,Montenegro,Montenegro,Montenegro,62,62,62,62,62,62,62,0.08050465099994665,0.08050465099994665,0.08050465099994665,0.08050465099994665,0.08050465099994665
MNG,MNG,MNG,MNG,MNG,Mongolia,Mongolia,Mongolia,Mongolia,Mongolia,Mongolia,Mongolia,63,63,63,63,63,63,63,0.08199192455439193,0.08199192455439193,0.08199192455439193,0.08199192455439193,0.08199192455439193
MRT,MRT,MRT,MRT,MRT,Mauritania,Mauritania,Mauritania,Mauritania,Mauritania,Mauritania,Mauritania,64,64,64,64,64,64,64,0.08112712040836254,0.08112712040836254,0.08112712040836254,0.08112712040836254,0.08112712040836254
MUS,MUS,MUS,MUS,MUS,Mauritius,Mauritius,Mauritius,Mauritius,Mauritius,Mauritius,Mauritius,65,65,65,65,65,65,65,0.07596023330103588,0.07596023330103588,0.07596023330103588,0.07596023330103588,0.07596023330103588
MWI,MWI,MWI,MWI,MWI,Malawi,Malawi,Malawi,Malawi,Malawi,Malawi,Malawi,66,66,66,66,66,66,66,0.0805453760344362,0.0805453760344362,0.0805453760344362,0.0805453760344362,0.0805453760344362
MYS,MYS,MYS,MYS,MYS,Malaysia,Malaysia,Malaysia,Malaysia,Malaysia,Malaysia,Malaysia,67,67,67,67,67,67,67,0.07927401741677444,0.07927401741677444,0.07927401741677444,0.07927401741677444,0.07927401741677444
NAM,NAM,NAM,NAM,NAM,Namibia,Namibia,Namibia,Namibia,Namibia,Namibia,Namibia,68,68,68,68,68,68,68,0.07843285325718012,0.07843285325718012,0.07843285325718012,0.07843285325718012,0.07843285325718012
NER,NER,NER,NER,NER,Niger,Niger,Niger,Niger,Niger,Niger,Niger,69,69,69,69,69,69,69,0.07976037087051023,0.07976037087051023,0.07976037087051023,0.07976037087051023,0.07976037087051023
NGA,NGA,NGA,NGA,NGA,Nigeria,Nigeria,Nigeria,Nigeria,Nigeria,Nigeria,Nigeria,70,70,70,70,70,70,70,0.08311639947950304,0.08311639947950304,0.08311639947950304,0.08311639947950304,0.08311639947950304
NPL,NPL,NPL,NPL,NPL,Nepal,Nepal,Nepal,Nepal,Nepal,Nepal,Nepal,71,71,71,71,71,71,71,0.08149539506145854,0.08149539506145854,0.08149539506145854,0.08149539506145854,0.08149539506145854
PAK,PAK,PAK,PAK,PAK,Pakistan,Pakistan,Pakistan,Pakistan,Pakistan,Pakistan,Pakistan,72,72,72,72,72,72,72,0.08140234716911308,0.08140234716911308,0.08140234716911308,0.08140234716911308,0.08140234716911308
PER,PER,PER,PER,PER,Peru,Peru,Peru,Peru,Peru,Peru,Peru,73,73,73,73,73,73,73,0.0794803697606697,0.0794803697606697,0.0794803697606697,0.0794803697606697,0.0794803697606697
PHL,PHL,PHL,PHL,PHL,Philippines,Philippines,Philippines,Philippines,Philippines,Philippines,Philippines,74,74,74,74,74,74,74,0.07959735537947189,0.07959735537947189,0.07959735537947189,0.07959735537947189,0.07959735537947189
PNG,PNG,PNG,PNG,PNG,Papua New Guinea,Papua New Guinea,Papua New Guinea,Papua New Guinea,Papua New Guinea,Papua New Guinea,Papua New Guinea,75,75,75,75,75,75,75,0.07437821936688206,0.07437821936688206,0.07437821936688206,0.07437821936688206,0.07437821936688206
PRY,PRY,PRY,PRY,PRY,Paraguay,Paraguay,Paraguay,Paraguay,Paraguay,Paraguay,Paraguay,76,76,76,76,76,76,76,0.07919621248677804,0.07919621248677804,0.07919621248677804,0.07919621248677804,0.07919621248677804
RWA,RWA,RWA,RWA,RWA,Rwanda,Rwanda,Rwanda,Rwanda,Rwanda,Rwanda,Rwanda,77,77,77,77,77,77,77,0.07957752153867098,0.07957752153867098,0.07957752153867098,0.07957752153867098,0.07957752153867098
SEN,SEN,SEN,SEN,SEN,Senegal,Senegal,Senegal,Senegal,Senegal,Senegal,Senegal,78,78,78,78,78,78,78,0.0801500224672201,0.0801500224672201,0.0801500224672201,0.0801500224672201,0.0801500224672201
SLB,SLB,SLB,SLB,SLB,Solomon Islands,Solomon Islands,Solomon Islands,Solomon Islands,Solomon Islands,Solomon Islands,Solomon Islands,79,79,79,79,79,79,79,0.07419104887844201,0.07419104887844201,0.07419104887844201,0.07419104887844201,0.07419104887844201
SLE,SLE,SLE,SLE,SLE,Sierra Leone,Sierra Leone,Sierra Leone,Sierra Leone,Sierra Leone,Sierra Leone,Sierra Leone,80,80,80,80,80,80,80,0.08045072739088334,0.08045072739088334,0.08045072739088334,0.08045072739088334,0.08045072739088334
SLV,SLV,SLV,SLV,SLV,El Salvador,El Salvador,El Salvador,El Salvador,El Salvador,El Salvador,El Salvador,81,81,81,81,81,81,81,0.07941203833641307,0.07941203833641307,0.07941203833641307,0.07941203833641307,0.07941203833641307
SRB,SRB,SRB,SRB,SRB,Serbia,Serbia,Serbia,Serbia,Serbia,Serbia,Serbia,82,82,82,82,82,82,82,0.08001914559047782,0.08001914559047782,0.08001914559047782,0.08001914559047782,0.08001914559047782
STP,STP,STP,STP,STP,Sao Tome and Principe,Sao Tome and Principe,Sao Tome and Principe,Sao Tome and Principe,Sao Tome and Principe,Sao Tome and Principe,Sao Tome and Principe,83,83,83,83,83,83,83,0.07913225418936136,0.07913225418936136,0.07913225418936136,0.07913225418936136,0.07913225418936136
SWZ,SWZ,SWZ,SWZ,SWZ,Eswatini,Eswatini,Eswatini,Eswatini,Eswatini,Eswatini,Eswatini,84,84,84,84,84,84,84,0.07884378367547794,0.07884378367547794,0.07884378367547794,0.07884378367547794,0.07884378367547794
TCD,TCD,TCD,TCD,TCD,Chad,Chad,Chad,Chad,Chad,Chad,Chad,85,85,85,85,85,85,85,0.07918421966832495,0.07918421966832495,0.07918421966832495,0.07918421966832495,0.07918421966832495
TGO,TGO,TGO,TGO,TGO,Togo,Togo,Togo,Togo,Togo,Togo,Togo,86,86,86,86,86,86,86,0.07941947972179704,0.07941947972179704,0.07941947972179704,0.07941947972179704,0.07941947972179704
THA,THA,THA,THA,THA,Thailand,Thailand,Thailand,Thailand,Thailand,Thailand,Thailand,87,87,87,87,87,87,87,0.07900484854127512,0.07900484854127512,0.07900484854127512,0.07900484854127512,0.07900484854127512
TKM,TKM,TKM,TKM,TKM,Turkmenistan,Turkmenistan,Turkmenistan,Turkmenistan,Turkmenistan,Turkmenistan,Turkmenistan,88,88,88,88,88,88,88,0.07834725009786545,0.07834725009786545,0.07834725009786545,0.07834725009786545,0.07834725009786545
TLS,TLS,TLS,TLS,TLS,Timor-Leste,Timor-Leste,Timor-Leste,Timor-Leste,Timor-Leste,Timor-Leste,Timor-Leste,89,89,89,89,89,89,89,0.07968497831306008,0.07968497831306008,0.07968497831306008,0.07968497831306008,0.07968497831306008
TON,TON,TON,TON,TON,Tonga,Tonga,Tonga,Tonga,Tonga,Tonga,Tonga,90,90,90,90,90,90,90,0.07998117874071295,0.07998117874071295,0.07998117874071295,0.07998117874071295,0.07998117874071295
TUN,TUN,TUN,TUN,TUN,Tunisia,Tunisia,Tunisia,Tunisia,Tunisia,Tunisia,Tunisia,91,91,91,91,91,91,91,0.08017325539566181,0.08017325539566181,0.08017325539566181,0.08017325539566181,0.08017325539566181
TUR,TUR,TUR,TUR,TUR,Türkiye,Türkiye,Türkiye,Türkiye,Türkiye,Türkiye,Türkiye,92,92,92,92,92,92,92,0.07926046261220933,0.07926046261220933,0.07926046261220933,0.07926046261220933,0.07926046261220933
TUV,TUV,TUV,TUV,TUV,Tuvalu,Tuvalu,Tuvalu,Tuvalu,Tuvalu,Tuvalu,Tuvalu,93,93,93,93,93,93,93,0.08072271316549634,0.08072271316549634,0.08072271316549634,0.08072271316549634,0.08072271316549634
TZA,TZA,TZA,TZA,TZA,United Republic of Tanzania,United Republic of Tanzania,United Republic of Tanzania,United Republic of Tanzania,United Republic of Tanzania,United Republic of Tanzania,United Republic of Tanzania,94,94,94,94,94,94,94,0.08078047691362608,0.08078047691362608,0.08078047691362608,0.08078047691362608,0.08078047691362608
UGA,UGA,UGA,UGA,UGA,Uganda,Uganda,Uganda,Uganda,Uganda,Uganda,Uganda,95,95,95,95,95,95,95,0.07936431125811702,0.07936431125811702,0.07936431125811702,0.07936431125811702,0.07936431125811702
UKR,UKR,UKR,UKR,UKR,Ukraine,Ukraine,Ukraine,Ukraine,Ukraine,Ukraine,Ukraine,96,96,96,96,96,96,96,0.07568156201070601,0.07568156201070601,0.07568156201070601,0.07568156201070601,0.07568156201070601
UZB,UZB,UZB,UZB,UZB,Uzbekistan,Uzbekistan,Uzbekistan,Uzbekistan,Uzbekistan,Uzbekistan,Uzbekistan,97,97,97,97,97,97,97,0.07729671919844017,0.07729671919844017,0.07729671919844017,0.07729671919844017,0.07729671919844017
VNM,VNM,VNM,VNM,VNM,Viet Nam,Viet Nam,Viet Nam,Viet Nam,Viet Nam,Viet Nam,Viet Nam,98,98,98,98,98,98,98,0.07955351698595502,0.07955351698595502,0.07955351698595502,0.07955351698595502,0.07955351698595502
WSM,WSM,WSM,WSM,WSM,Samoa,Samoa,Samoa,Samoa,Samoa,Samoa,Samoa,99,99,99,99,99,99,99,0.08067094298232196,0.08067094298232196,0.08067094298232196,0.08067094298232196,0.08067094298232196
YEM,YEM,YEM,YEM,YEM,Yemen,Yemen,Yemen,Yemen,Yemen,Yemen,Yemen,100,100,100,100,100,100,100,0.07767457831706487,0.07767457831706487,0.07767457831706487,0.07767457831706487,0.07767457831706487
ZAF,ZAF,ZAF,ZAF,ZAF,South Africa,South Africa,South Africa,South Africa,South Africa,South Africa,South Africa,101,101,101,101,101,101,101,0.07950158190648345,0.07950158190648345,0.07950158190648345,0.07950158190648345,0.07950158190648345
ZMB,ZMB,ZMB,ZMB,ZMB,Zambia,Zambia,Zambia,Zambia,Zambia,Zambia,Zambia,102,102,102,102,102,102,102,0.0810753109840848,0.0810753109840848,0.0810753109840848,0.0810753109840848,0.0810753109840848
ZWE,ZWE,ZWE,ZWE,ZWE,Zimbabwe,Zimbabwe,Zimbabwe,Zimbabwe,Zimbabwe,Zimbabwe,Zimbabwe,103,103,103,103,103,103,103,0.08041029682398211,0.08041029682398211,0.08041029682398211,0.08041029682398211,0.08041029682398211
Note. Values are country-level unless otherwise indicated. Blank cells indicate not applicable or not estimated in the source output. Source file(s): step14 validation robustness: step14 PM2.5 interaction results; step14 validation robustness: step14 PM2.5 SDI tertile results; step14 validation robustness: step14 PM2.5 robustness results; step14 validation robustness: step14 PM2.5 leave one country out summary; step14 validation robustness: step14 PM2.5 leave one country out.,Note. Values are country-level unless otherwise indicated. Blank cells indicate not applicable or not estimated in the source output. Source file(s): step14 validation robustness: step14 PM2.5 interaction results; step14 validation robustness: step14 PM2.5 SDI tertile results; step14 validation robustness: step14 PM2.5 robustness results; step14 validation robustness: step14 PM2.5 leave one country out summary; step14 validation robustness: step14 PM2.5 leave one country out.,Note. Values are country-level unless otherwise indicated. Blank cells indicate not applicable or not estimated in the source output. Source file(s): step14 validation robustness: step14 PM2.5 interaction results; step14 validation robustness: step14 PM2.5 SDI tertile results; step14 validation robustness: step14 PM2.5 robustness results; step14 validation robustness: step14 PM2.5 leave one country out summary; step14 validation robustness: step14 PM2.5 leave one country out.,Note. Values are country-level unless otherwise indicated. Blank cells indicate not applicable or not estimated in the source output. Source file(s): step14 validation robustness: step14 PM2.5 interaction results; step14 validation robustness: step14 PM2.5 SDI tertile results; step14 validation robustness: step14 PM2.5 robustness results; step14 validation robustness: step14 PM2.5 leave one country out summary; step14 validation robustness: step14 PM2.5 leave one country out.,Note. Values are country-level unless otherwise indicated. Blank cells indicate not applicable or not estimated in the source output. Source file(s): step14 validation robustness: step14 PM2.5 interaction results; step14 validation robustness: step14 PM2.5 SDI tertile results; step14 validation robustness: step14 PM2.5 robustness results; step14 validation robustness: step14 PM2.5 leave one country out summary; step14 validation robustness: step14 PM2.5 leave one country out.,Note. Values are country-level unless otherwise indicated. Blank cells indicate not applicable or not estimated in the source output. Source file(s): step14 validation robustness: step14 PM2.5 interaction results; step14 validation robustness: step14 PM2.5 SDI tertile results; step14 validation robustness: step14 PM2.5 robustness results; step14 validation robustness: step14 PM2.5 leave one country out summary; step14 validation robustness: step14 PM2.5 leave one country out.,Note. Values are country-level unless otherwise indicated. Blank cells indicate not applicable or not estimated in the source output. Source file(s): step14 validation robustness: step14 PM2.5 interaction results; step14 validation robustness: step14 PM2.5 SDI tertile results; step14 validation robustness: step14 PM2.5 robustness results; step14 validation robustness: step14 PM2.5 leave one country out summary; step14 validation robustness: step14 PM2.5 leave one country out.,Note. Values are country-level unless otherwise indicated. Blank cells indicate not applicable or not estimated in the source output. Source file(s): step14 validation robustness: step14 PM2.5 interaction results; step14 validation robustness: step14 PM2.5 SDI tertile results; step14 validation robustness: step14 PM2.5 robustness results; step14 validation robustness: step14 PM2.5 leave one country out summary; step14 validation robustness: step14 PM2.5 leave one country out.,Note. Values are country-level unless otherwise indicated. Blank cells indicate not applicable or not estimated in the source output. Source file(s): step14 validation robustness: step14 PM2.5 interaction results; step14 validation robustness: step14 PM2.5 SDI tertile results; step14 validation robustness: step14 PM2.5 robustness results; step14 validation robustness: step14 PM2.5 leave one country out summary; step14 validation robustness: step14 PM2.5 leave one country out.,Note. Values are country-level unless otherwise indicated. Blank cells indicate not applicable or not estimated in the source output. Source file(s): step14 validation robustness: step14 PM2.5 interaction results; step14 validation robustness: step14 PM2.5 SDI tertile results; step14 validation robustness: step14 PM2.5 robustness results; step14 validation robustness: step14 PM2.5 leave one country out summary; step14 validation robustness: step14 PM2.5 leave one country out.,Note. Values are country-level unless otherwise indicated. Blank cells indicate not applicable or not estimated in the source output. Source file(s): step14 validation robustness: step14 PM2.5 interaction results; step14 validation robustness: step14 PM2.5 SDI tertile results; step14 validation robustness: step14 PM2.5 robustness results; step14 validation robustness: step14 PM2.5 leave one country out summary; step14 validation robustness: step14 PM2.5 leave one country out.,Note. Values are country-level unless otherwise indicated. Blank cells indicate not applicable or not estimated in the source output. Source file(s): step14 validation robustness: step14 PM2.5 interaction results; step14 validation robustness: step14 PM2.5 SDI tertile results; step14 validation robustness: step14 PM2.5 robustness results; step14 validation robustness: step14 PM2.5 leave one country out summary; step14 validation robustness: step14 PM2.5 leave one country out.,Note. Values are country-level unless otherwise indicated. Blank cells indicate not applicable or not estimated in the source output. Source file(s): step14 validation robustness: step14 PM2.5 interaction results; step14 validation robustness: step14 PM2.5 SDI tertile results; step14 validation robustness: step14 PM2.5 robustness results; step14 validation robustness: step14 PM2.5 leave one country out summary; step14 validation robustness: step14 PM2.5 leave one country out.,Note. Values are country-level unless otherwise indicated. Blank cells indicate not applicable or not estimated in the source output. Source file(s): step14 validation robustness: step14 PM2.5 interaction results; step14 validation robustness: step14 PM2.5 SDI tertile results; step14 validation robustness: step14 PM2.5 robustness results; step14 validation robustness: step14 PM2.5 leave one country out summary; step14 validation robustness: step14 PM2.5 leave one country out.,Note. Values are country-level unless otherwise indicated. Blank cells indicate not applicable or not estimated in the source output. Source file(s): step14 validation robustness: step14 PM2.5 interaction results; step14 validation robustness: step14 PM2.5 SDI tertile results; step14 validation robustness: step14 PM2.5 robustness results; step14 validation robustness: step14 PM2.5 leave one country out summary; step14 validation robustness: step14 PM2.5 leave one country out.,Note. Values are country-level unless otherwise indicated. Blank cells indicate not applicable or not estimated in the source output. Source file(s): step14 validation robustness: step14 PM2.5 interaction results; step14 validation robustness: step14 PM2.5 SDI tertile results; step14 validation robustness: step14 PM2.5 robustness results; step14 validation robustness: step14 PM2.5 leave one country out summary; step14 validation robustness: step14 PM2.5 leave one country out.,Note. Values are country-level unless otherwise indicated. Blank cells indicate not applicable or not estimated in the source output. Source file(s): step14 validation robustness: step14 PM2.5 interaction results; step14 validation robustness: step14 PM2.5 SDI tertile results; step14 validation robustness: step14 PM2.5 robustness results; step14 validation robustness: step14 PM2.5 leave one country out summary; step14 validation robustness: step14 PM2.5 leave one country out.,Note. Values are country-level unless otherwise indicated. Blank cells indicate not applicable or not estimated in the source output. Source file(s): step14 validation robustness: step14 PM2.5 interaction results; step14 validation robustness: step14 PM2.5 SDI tertile results; step14 validation robustness: step14 PM2.5 robustness results; step14 validation robustness: step14 PM2.5 leave one country out summary; step14 validation robustness: step14 PM2.5 leave one country out.,Note. Values are country-level unless otherwise indicated. Blank cells indicate not applicable or not estimated in the source output. Source file(s): step14 validation robustness: step14 PM2.5 interaction results; step14 validation robustness: step14 PM2.5 SDI tertile results; step14 validation robustness: step14 PM2.5 robustness results; step14 validation robustness: step14 PM2.5 leave one country out summary; step14 validation robustness: step14 PM2.5 leave one country out.,Note. Values are country-level unless otherwise indicated. Blank cells indicate not applicable or not estimated in the source output. Source file(s): step14 validation robustness: step14 PM2.5 interaction results; step14 validation robustness: step14 PM2.5 SDI tertile results; step14 validation robustness: step14 PM2.5 robustness results; step14 validation robustness: step14 PM2.5 leave one country out summary; step14 validation robustness: step14 PM2.5 leave one country out.,Note. Values are country-level unless otherwise indicated. Blank cells indicate not applicable or not estimated in the source output. Source file(s): step14 validation robustness: step14 PM2.5 interaction results; step14 validation robustness: step14 PM2.5 SDI tertile results; step14 validation robustness: step14 PM2.5 robustness results; step14 validation robustness: step14 PM2.5 leave one country out summary; step14 validation robustness: step14 PM2.5 leave one country out.,Note. Values are country-level unless otherwise indicated. Blank cells indicate not applicable or not estimated in the source output. Source file(s): step14 validation robustness: step14 PM2.5 interaction results; step14 validation robustness: step14 PM2.5 SDI tertile results; step14 validation robustness: step14 PM2.5 robustness results; step14 validation robustness: step14 PM2.5 leave one country out summary; step14 validation robustness: step14 PM2.5 leave one country out.,Note. Values are country-level unless otherwise indicated. Blank cells indicate not applicable or not estimated in the source output. Source file(s): step14 validation robustness: step14 PM2.5 interaction results; step14 validation robustness: step14 PM2.5 SDI tertile results; step14 validation robustness: step14 PM2.5 robustness results; step14 validation robustness: step14 PM2.5 leave one country out summary; step14 validation robustness: step14 PM2.5 leave one country out.,Note. Values are country-level unless otherwise indicated. Blank cells indicate not applicable or not estimated in the source output. Source file(s): step14 validation robustness: step14 PM2.5 interaction results; step14 validation robustness: step14 PM2.5 SDI tertile results; step14 validation robustness: step14 PM2.5 robustness results; step14 validation robustness: step14 PM2.5 leave one country out summary; step14 validation robustness: step14 PM2.5 leave one country out.
